model,MAE,RMSE,MAPE,R2
Baseline (mean),8.040029525756836,10.360907485865514,210.6363296508789,-0.0011788606643676758
Ridge (α=1),4.148606301000664,5.7978956582475,95.5135147027137,0.6864860683186231
Lasso (α=0.01),4.148433336845212,5.800987639622874,95.2404491664913,0.6861515891293564
Random Forest,2.3258923910851483,4.29884047462498,36.211610557365795,0.8276470535668363
XGBoost (default),2.416313886642456,4.205369541472744,40.46442210674286,0.8350605964660645
XGBoost (tuned),2.287339448928833,4.106852290140495,36.49658262729645,0.8426979780197144
